<?xml version="1.0" encoding="UTF-8"?>
<metadata xml:lang="de"><Esri><CreaDate>20191210</CreaDate><CreaTime>18245900</CreaTime><ArcGISFormat>1.0</ArcGISFormat><SyncOnce>TRUE</SyncOnce><DataProperties><lineage><Process ToolSource="c:\program files (x86)\arcgis\desktop10.6\ArcToolbox\Toolboxes\Data Management Tools.tbx\Dissolve" Date="20191210" Time="182459">Dissolve K4polg20190101gf_ch2007Poly Q:\SKS\DIAM\16_Dienst_TK\35_Geometrien\01_K_Schweiz\25_Geometrien_definitiv\K4_ch2007\01_INST\Gesamtfläche_gf\K4_polg20200101_gf\Preparation\K4polg20200101gf_ch2007Poly.shp aggrpolg2019_2020.csv.polg2020code # MULTI_PART DISSOLVE_LINES</Process><Process ToolSource="c:\program files (x86)\arcgis\desktop10.6\ArcToolbox\Toolboxes\Data Management Tools.tbx\CalculateField" Date="20191211" Time="111540">CalculateField K4polg20200101gf_ch2007Poly GDENRdef [GDENR] VB #</Process><Process ToolSource="c:\program files (x86)\arcgis\desktop10.6\ArcToolbox\Toolboxes\Data Management Tools.tbx\CalculateField" Date="20191211" Time="111626">CalculateField K4polg20200101gf_ch2007Poly GDENR [GDENRdef] VB #</Process></lineage></DataProperties></Esri></metadata>
