<?xml version="1.0" encoding="UTF-8"?>
<metadata xml:lang="de"><Esri><CreaDate>20191210</CreaDate><CreaTime>18355900</CreaTime><ArcGISFormat>1.0</ArcGISFormat><SyncOnce>TRUE</SyncOnce><DataProperties><lineage><Process ToolSource="c:\program files (x86)\arcgis\desktop10.6\ArcToolbox\Toolboxes\Data Management Tools.tbx\Dissolve" Date="20191210" Time="183559">Dissolve K4polg20190101vf_ch2007Poly Q:\SKS\DIAM\16_Dienst_TK\35_Geometrien\01_K_Schweiz\25_Geometrien_definitiv\K4_ch2007\01_INST\Vegetationsfläche_vf\K4_polg20200101_vf\K4polg20200101vf_ch2007Poly.shp aggrpolg2019_2020.csv.polg2020code # MULTI_PART DISSOLVE_LINES</Process></lineage></DataProperties></Esri></metadata>
