<?xml version="1.0" encoding="UTF-8"?>
<metadata xml:lang="de"><Esri><CreaDate>20200609</CreaDate><CreaTime>12033100</CreaTime><ArcGISFormat>1.0</ArcGISFormat><SyncOnce>TRUE</SyncOnce><DataProperties><itemProps><itemLocation><linkage Sync="TRUE">file://\\adb.intra.admin.ch\BFS$\Archive\SKS\DIAM\16_Dienst_TK\35_Geometrien\01_K_Schweiz\26_Geometrien_Verkauf\12_Geometrien_K4_2020\01_INST\Gesamtfläche_gf\K4_suis18480101_gf\K4suis18480101gf_ch2007Poly</linkage><protocol Sync="TRUE">Local Area Network</protocol></itemLocation></itemProps><copyHistory><copy source="Q:\16_Dienst_TK\35_Geometrien\01_K_Schweiz\26_Geometrien_Verkauf\11_Geometrien_K4_2019\BASIS\01_INST\K4_suis18480101_gf\K4suis18480101gf_ch2007Poly" dest="\\adb.intra.admin.ch\BFS$\Archive\SKS\DIAM\16_Dienst_TK\35_Geometrien\01_K_Schweiz\26_Geometrien_Verkauf\12_Geometrien_K4_2020\01_INST\Gesamtfläche_gf\K4_suis18480101_gf\K4suis18480101gf_ch2007Poly" date="20200609" time="12033100"></copy></copyHistory></DataProperties></Esri></metadata>
